Where Ya At,Chase Bank on 1st,Mondays,11a-2pm
Where Ya At,Starbucks HQ,Tuesdays,11a-2pm
Where Ya At,Cascade Peoples Center,Wednesdays,11am-2pm
Where Ya At,Georgetown Trailer Park Mall,Thursdays,11am-2pm
Where Ya At,Queen Anne Farmers Market,Thursdays,3pm-7:30pm
Where Ya At,16th and Dravus,Fridays,11am-2pm
Where Ya At,16th and Dravus,Saturdays,11am-2pm
Street Treats,9th and Cherry,Tuesdays,12pm-2pm
Street Treats,Starbucks HQ,Wednesdays,12pm-2:30pm
Street Treats,3rd and Harrison,Thursdays,12:00pm-1:15pm
Street Treats,Roundabout South of Big Fish Games,Thursdays,1:20pm-1:50pm
Street Treats,Capitol Hill Night Market,Saturdays,9pm-3am
Pai's,Starbucks HQ,Tuesdays,11am-2pm
Pai's,2nd & Pike,Wednesdays,11am-2pm
Pai's,9th and Cherry,Thursdays,11am-2pm
Pai's,Starbucks HQ,Fridays,11am-2pm
Pai's,Capitol Hill Night Market,Saturdays,9pm-3am
Marination,Cascade Peoples Center,Mondays,11a-2pm
Marination,KeyBank Belltown Branch,Tuesdays,11am-2pm
Marination,Indoor Sun Shoppe,Wednesdays,11am-2pm
Marination,Starbucks HQ,Thursdays,11am-2pm
Marination,Safeco Field,Fridays,11am-2pm
Marination,Hans Foreign Car Repair,Saturdays,11am-2pm
Buns on Wheels,Starbucks HQ,Mondays,11am-2pm
Buns on Wheels,Kenyon Center,Tuesdays,11am-2pm
Buns on Wheels,Starbucks HQ,Wednesdays,11am-2pm
Buns on Wheels,10525 Willows Rd. NE,Thursdays,11am-2pm
Buns on Wheels,Queen Anne Farmers Market,Thursdays,3pm-7:30pm
Buns on Wheels,2nd & Pike,Fridays,11am-2pm
The Bistro Box,618 Park Ave. N,Mondays,11am-2pm
The Bistro Box,618 Park Ave. N,Tuesdays,11am-2pm
The Bistro Box,618 Park Ave. N,Wednesdays,11am-2pm
The Bistro Box,618 Park Ave. N,Thursdays,11am-2pm
The Bistro Box,618 Park Ave. N,Fridays,11am-2pm
Hallava Falafel,5825 Airport Way S,Tuesdays,11am-3pm
Hallava Falafel,5825 Airport Way S,Wednesdays,11am-3pm
Hallava Falafel,5825 Airport Way S,Thursdays,11am-3pm
Hallava Falafel,5825 Airport Way S,Fridays,11am-3pm
Hallava Falafel,5825 Airport Way S,Saturdays,11am-3pm
Skillet,8727 148th Ave. NE,2011-06-13,11am-2pm
Skillet,Starbucks HQ,2011-06-14,11am-2pm
Skillet,Coinstar,2011-06-15,12pm-2pm
Skillet,600 106th Ave. NE,2011-06-16,12pm-2pm
Skillet,Theo Chocolate,2011-06-17,11am-2pm
Maximus Minimus,Starbucks HQ,Mondays,11am-2pm
Maximus Minimus,2nd & Pike,Tuesdays,11am-2pm
Maximus Minimus,2nd & Pike,Wednesdays,11am-2pm
Maximus Minimus,2nd & Pike,Thursdays,11am-2pm
Maximus Minimus,Queen Anne Farmers Market,3pm-7:30pm
Maximus Minimus,2nd & Pike,Fridays,11am-2pm
Maximus Minimus,Issaquah Farmers Market,Saturdays,9am-2pm
Maximus Minimus,Qwest Field,2011-05-14,6pm-8pm
Maximus Minimus,Fremont Farmers Market,Sundays,10am-5pm
Here and There Grill,2nd & Pike,Mondays,11am-2pm
Here and There Grill,10525 Willows Rd. NE,Tuesdays,11am-1:30pm
Here and There Grill,4th and Dayton,Wednesdays,11am-7pm
Here and There Grill,2nd & Pike,Thursdays,11am-2pm
Here and There Grill,220th Street Bingo,2011-04-29,11am-1:30pm
Here and There Grill,4th and Dayton,2011-04-30,11am-3pm
Lumpia World,600 106th Ave. NE,Mondays,11am-2pm
Lumpia World,Starbucks HQ,Tuesdays,11am-2pm
Lumpia World,Starbucks HQ,Wednesdays,11am-2pm
Lumpia World,2nd & Pike,Fridays,11am-2pm
Lumpia World,Capitol Hill Night Market,Saturdays,9pm-3am
Molly Moon's,Starbucks HQ,2011-04-26,11am-3pm
Molly Moon's,4825 Rainier Ave. S,2011-04-26,5pm-10pm
Molly Moon's,475 N. 36th St.,2011-05-13,5pm-10pm
Molly Moon's,475 N. 36th St.,2011-05-14,5pm-10pm
Molly Moon's,475 N. 36th St.,2011-05-15,5pm-10pm
Molly Moon's,Northgate Delta Dental,Thursdays,12pm-1:30pm
Molly Moon's,Bellevue Farmers Market,Thursdays,3pm-7pm
Molly Moon's,Issaquah Farmers Market,2011-05-20,9am-2pm
Molly Moon's,475 N. 36th St.,2011-05-22,5pm-10pm
I Want Curry Now,Starbucks HQ,Mondays,11am-2pm
I Want Curry Now,2nd & Pike,Tuesdays,11am-2pm
I Want Curry Now,Starbucks HQ,Wednesdays,11am-2pm
I Want Curry Now,2nd & Pike,Thursdays,11am-2pm
I Want Curry Now,Capitol Hill Night Market,9pm-3am
Veraci Pizza,Queen Anne Farmers Market,Thursdays,3pm-7:30pm
Veraci Pizza,Ballard Farmers Market,Sundays,10am-3pm
Veraci Pizza,Fremont Farmers Market,Sundays,10am-5pm
Veraci Pizza,Mercer Island Farmers Market,Sundays,10am-3pm
Parfait,Market St. & 24th,Tuesdays,3pm-7pm
Parfait,92nd & Roosevelt,Wednesdays,3pm-7pm
Parfait,Queen Anne Farmers Market,Thursdays,3pm-7pm
Parfait,Starbucks HQ,Fridays,12pm-2:30pm
Parfait,Hans Foreign Car Repair,Saturdays,11am-2pm
Parfait,3125 NW 85th St.,Saturdays,3pm-6pm
Parfait,Mercer Island Farmers Market,Sundays,10am-3pm
